,to_run
0,464
1,465
2,3642
3,12040
4,14828
5,14829
6,32464
7,38031
8,39226
9,39227
10,41258
11,44837
12,47217
13,49264
14,49265
15,50853
16,57265
17,59647
18,60441
19,68937
20,86028
21,86030
22,86031
23,86032
24,86033
25,86034
26,86035
27,86036
28,86037
29,86038
30,86039
31,86040
32,86041
33,86042
34,86043
35,86044
36,86045
37,86046
38,86047
39,86048
40,86049
41,86050
42,86051
43,86052
44,86053
45,86054
46,86055
47,86056
48,86057
49,86058
50,86059
51,86060
52,86061
53,86062
54,86063
55,86064
56,86065
57,86066
58,86067
59,86068
60,86069
61,86070
62,86071
63,86072
64,86073
65,86074
66,86075
67,86076
68,86077
69,86078
70,86079
71,86080
72,86081
73,86082
74,86083
75,86084
76,86085
77,86086
78,86087
79,86088
80,86089
81,86090
82,86091
83,86092
84,86093
85,86094
86,86095
87,86096
88,86097
89,86098
90,86099
91,86100
92,86101
93,86102
94,86103
95,86104
96,86105
97,86106
98,86107
99,86108
100,86109
101,86110
102,86111
103,86112
104,86113
105,86114
106,86115
107,86116
108,86117
109,86118
110,86119
111,86120
112,86121
113,86122
114,86123
115,86124
116,86125
117,86126
118,86127
119,86128
120,86129
121,86130
122,86131
123,86132
124,86133
125,86134
126,86135
127,86136
128,86137
129,86138
130,86139
131,86140
132,86141
133,86142
134,86143
135,86144
136,86145
137,86146
138,86147
139,86148
140,86149
141,86150
142,86151
143,86152
144,86153
145,86154
146,86155
147,86156
148,86157
149,86158
150,86159
151,86160
152,86161
153,86162
154,86163
155,86164
156,86165
157,86166
158,86167
159,86168
160,86169
161,86170
162,86171
163,86172
164,86173
165,86174
166,86175
167,86176
168,86177
169,86178
170,86179
171,86180
172,86181
173,86182
174,86183
175,86184
176,86185
177,86186
178,86187
179,86188
180,86189
181,86190
182,86191
183,86192
184,86193
185,86194
186,86195
187,86196
188,86197
189,86198
190,86199
191,86200
192,86201
193,86202
194,86203
195,86204
196,86205
197,86206
198,86207
199,86208
200,86209
201,86210
202,86211
203,86212
204,86213
205,86214
206,86215
207,86216
208,86217
209,86218
210,86219
211,86220
212,86221
213,86222
214,86223
215,86224
216,86225
217,86226
218,86227
219,86228
220,86229
221,86230
222,86231
223,86232
224,86233
225,86234
226,86235
227,86236
228,86237
229,86238
230,86239
231,86240
232,86241
233,86242
234,86243
235,86244
236,86245
237,86246
238,86247
239,86248
240,86249
241,86250
242,86251
243,86252
244,86253
245,86254
246,86255
247,86256
248,86257
249,86258
250,86259
251,86260
252,86261
253,86262
254,86263
255,86264
256,86265
257,86266
258,86267
259,86268
260,86269
261,86270
262,86271
263,86272
264,86273
265,86274
266,86275
267,86276
268,86277
269,86278
270,86279
271,86280
272,86281
273,86282
274,86283
275,86284
276,86285
277,86286
278,86287
279,86288
280,86289
281,86290
282,86291
283,86292
284,86293
285,86294
286,86295
287,86296
288,86297
289,86298
290,86299
291,86300
292,86301
293,86302
294,86303
295,86304
296,86305
297,86306
298,86307
299,86308
300,86309
301,86310
302,86311
303,86312
304,86313
305,86314
306,86315
307,86316
308,86317
309,86318
310,86319
311,86320
312,86321
313,86322
314,86323
315,86324
316,86325
317,86326
318,86327
319,86328
320,86329
321,86330
322,86331
323,86332
324,86333
325,86334
326,86335
327,86336
328,86337
329,86338
330,86339
331,86340
332,86341
333,86342
334,86343
335,86344
336,86345
337,86346
338,86347
339,86348
340,86349
341,86350
342,86351
343,86352
344,86353
345,86354
346,86355
347,86356
348,86357
349,86358
350,86359
351,86360
352,86361
353,86362
354,86363
355,86364
356,86365
357,86366
358,86367
359,86368
360,86369
361,86370
362,86371
363,86372
364,86373
365,86374
366,86375
367,86376
368,86377
369,86378
370,86379
371,86380
372,86381
373,86382
374,86383
375,86384
376,86385
377,86386
378,86387
379,86388
380,86389
381,86390
382,86391
383,86392
384,86393
385,86394
386,86395
387,86396
388,86397
389,86398
390,86399
391,98158
392,133193
393,133194
394,133195
395,133196
396,133197
397,133198
398,133199
399,133568
400,133569
401,133570
402,133571
403,133572
404,133573
405,133574
406,133575
407,133576
408,133577
409,133578
410,133579
411,133580
412,133581
413,133582
414,133583
415,133584
416,133585
417,133586
418,133587
419,133588
420,133589
421,133590
422,133591
423,133592
424,133593
425,133594
426,133595
427,133596
428,133597
429,133598
430,133599
431,133690
432,133691
433,133692
434,133693
435,133694
436,133695
437,133696
438,133697
439,133698
440,133699
441,133700
442,133701
443,133702
444,133703
445,133704
446,133705
447,133706
448,133707
449,133708
450,133709
451,133710
452,133711
453,133712
454,133713
455,133714
456,133715
457,133716
458,133717
459,133718
460,133719
461,133720
462,133721
463,133722
464,133723
465,133724
466,133725
467,133726
468,133727
469,133728
470,133729
471,133730
472,133731
473,133732
474,133733
475,133734
476,133735
477,133736
478,133737
479,133738
480,133739
481,133740
482,133741
483,133742
484,133743
485,133744
486,133745
487,133746
488,133747
489,133748
490,133749
491,133750
492,133751
493,133752
494,133753
495,133754
496,133755
497,133756
498,133757
499,133758
500,133759
501,133760
502,133761
503,133762
504,133763
505,133764
506,133765
507,133766
508,133767
509,133768
510,133769
511,133770
512,133771
513,133772
514,133773
515,133774
516,133775
517,133776
518,133777
519,133778
520,133779
521,133780
522,133781
523,133782
524,133783
525,133784
526,133785
527,133786
528,133787
529,133788
530,133789
531,133790
532,133791
533,133792
534,133793
535,133794
536,133795
537,133796
538,133797
539,133798
540,133799
541,133800
542,133801
543,133802
544,133803
545,133804
546,133805
547,133806
548,133807
549,133808
550,133809
551,133810
552,133811
553,133812
554,133813
555,133814
556,133815
557,133816
558,133817
559,133818
560,133819
561,133820
562,133821
563,133822
564,133823
565,133824
566,133825
567,133826
568,133827
569,133828
570,133829
571,133830
572,133831
573,133832
574,133833
575,133834
576,133835
577,133836
578,133837
579,133838
580,133839
581,133840
582,133841
583,133842
584,133843
585,133844
586,133845
587,133846
588,133847
589,133848
590,133849
591,133850
592,133851
593,133852
594,133853
595,133854
596,133855
597,133856
598,133857
599,133858
600,133859
601,133860
602,133861
603,133862
604,133863
605,133864
606,133865
607,133866
608,133867
609,133868
610,133869
611,133870
612,133871
613,133872
614,133873
615,133874
616,133875
617,133876
618,133877
619,133878
620,133879
621,133880
622,133881
623,133882
624,133883
625,133884
626,133885
627,133886
628,133887
629,133888
630,133889
631,133890
632,133891
633,133892
634,133893
635,133894
636,133895
637,133896
638,133897
639,133898
640,133899
641,133900
642,133901
643,133902
644,133903
645,133904
646,133905
647,133906
648,133907
649,133908
650,133909
651,133910
652,133911
653,133912
654,133913
655,133914
656,133915
657,133916
658,133917
659,133918
660,133919
661,133920
662,133921
663,133922
664,133923
665,133924
666,133925
667,133926
668,133927
669,133928
670,133929
671,133930
672,133931
673,133932
674,133933
675,133934
676,133935
677,133936
678,133937
679,133938
680,133939
681,133940
682,133941
683,133942
684,133943
685,133944
686,133945
687,133946
688,133947
689,133948
690,133949
691,133950
692,133951
693,133952
694,133953
695,133954
696,133955
697,133956
698,133957
699,133958
700,133959
701,133960
702,133961
703,133962
704,133963
705,133964
706,133965
707,133966
708,133967
709,133968
710,133969
711,133970
712,133971
713,133972
714,133973
715,133974
716,133975
717,133976
718,133977
719,133978
720,133979
721,133980
722,133981
723,133982
724,133983
725,133984
726,133985
727,133986
728,133987
729,133988
730,133989
731,133990
732,133991
733,133992
734,133993
735,133994
736,133995
737,133996
738,133997
739,133998
740,133999
741,134332
742,134333
743,134334
744,134335
745,134336
746,134337
747,134338
748,134339
749,134340
750,134341
751,134342
752,134343
753,134344
754,134345
755,134346
756,134347
757,134348
758,134349
759,134350
760,134351
761,134352
762,134353
763,134354
764,134355
765,134356
766,134357
767,134358
768,134359
769,134360
770,134361
771,134362
772,134363
773,134364
774,134365
775,134366
776,134367
777,134368
778,134369
779,134370
780,134371
781,134372
782,134373
783,134374
784,134375
785,134376
786,134377
787,134378
788,134379
789,134380
790,134381
791,134382
792,134383
793,134384
794,134385
795,134386
796,134387
797,134388
798,134389
799,134390
800,134391
801,134392
802,134393
803,134394
804,134395
805,134396
806,134397
807,134398
808,134399
809,134734
810,134735
811,134736
812,134737
813,134738
814,134739
815,134740
816,134741
817,134742
818,134743
819,134744
820,134745
821,134746
822,134747
823,134748
824,134749
825,134750
826,134751
827,134752
828,134753
829,134754
830,134755
831,134756
832,134757
833,134758
834,134759
835,134760
836,134761
837,134762
838,134763
839,134764
840,134765
841,134766
842,134767
843,134768
844,134769
845,134770
846,134771
847,134772
848,134773
849,134774
850,134775
851,134776
852,134777
853,134778
854,134779
855,134780
856,134781
857,134782
858,134783
859,134784
860,134785
861,134786
862,134787
863,134788
864,134789
865,134790
866,134791
867,134792
868,134793
869,134794
870,134795
871,134796
872,134797
873,134798
874,134799
875,135118
876,135119
877,135120
878,135121
879,135122
880,135123
881,135124
882,135125
883,135126
884,135127
885,135128
886,135129
887,135130
888,135131
889,135132
890,135133
891,135134
892,135135
893,135136
894,135137
895,135138
896,135139
897,135140
898,135141
899,135142
900,135143
901,135144
902,135145
903,135146
904,135147
905,135148
906,135149
907,135150
908,135151
909,135152
910,135153
911,135154
912,135155
913,135156
914,135157
915,135158
916,135159
917,135160
918,135161
919,135162
920,135163
921,135164
922,135165
923,135166
924,135167
925,135168
926,135169
927,135170
928,135171
929,135172
930,135173
931,135174
932,135175
933,135176
934,135177
935,135178
936,135179
937,135180
938,135181
939,135182
940,135183
941,135184
942,135185
943,135186
944,135187
945,135188
946,135189
947,135190
948,135191
949,135192
950,135193
951,135194
952,135195
953,135196
954,135197
955,135198
956,135199
957,135516
958,135517
959,135518
960,135519
961,135520
962,135521
963,135522
964,135523
965,135524
966,135525
967,135526
968,135527
969,135528
970,135529
971,135530
972,135531
973,135532
974,135533
975,135534
976,135535
977,135536
978,135537
979,135538
980,135539
981,135540
982,135541
983,135542
984,135543
985,135544
986,135545
987,135546
988,135547
989,135548
990,135549
991,135550
992,135551
993,135552
994,135553
995,135554
996,135555
997,135556
998,135557
999,135558
1000,135559
1001,135560
1002,135561
1003,135562
1004,135563
1005,135564
1006,135565
1007,135566
1008,135567
1009,135568
1010,135569
1011,135570
1012,135571
1013,135572
1014,135573
1015,135574
1016,135575
1017,135576
1018,135577
1019,135578
1020,135579
1021,135580
1022,135581
1023,135582
1024,135583
1025,135584
1026,135585
1027,135586
1028,135587
1029,135588
1030,135589
1031,135590
1032,135591
1033,135592
1034,135593
1035,135594
1036,135595
1037,135596
1038,135597
1039,135598
1040,135599
1041,135900
1042,135901
1043,135902
1044,135903
1045,135904
1046,135905
1047,135906
1048,135907
1049,135908
1050,135909
1051,135910
1052,135911
1053,135912
1054,135913
1055,135914
1056,135915
1057,135916
1058,135917
1059,135918
1060,135919
1061,135920
1062,135921
1063,135922
1064,135923
1065,135924
1066,135925
1067,135926
1068,135927
1069,135928
1070,135929
1071,135930
1072,135931
1073,135932
1074,135933
1075,135934
1076,135935
1077,135936
1078,135937
1079,135938
1080,135939
1081,135940
1082,135941
1083,135942
1084,135943
1085,135944
1086,135945
1087,135946
1088,135947
1089,135948
1090,135949
1091,135950
1092,135951
1093,135952
1094,135953
1095,135954
1096,135955
1097,135956
1098,135957
1099,135958
1100,135959
1101,135960
1102,135961
1103,135962
1104,135963
1105,135964
1106,135965
1107,135966
1108,135967
1109,135968
1110,135969
1111,135970
1112,135971
1113,135972
1114,135973
1115,135974
1116,135975
1117,135976
1118,135977
1119,135978
1120,135979
1121,135980
1122,135981
1123,135982
1124,135983
1125,135984
1126,135985
1127,135986
1128,135987
1129,135988
1130,135989
1131,135990
1132,135991
1133,135992
1134,135993
1135,135994
1136,135995
1137,135996
1138,135997
1139,135998
1140,135999
1141,136368
1142,136369
1143,136370
1144,136371
1145,136372
1146,136373
1147,136374
1148,136375
1149,136376
1150,136377
1151,136378
1152,136379
1153,136380
1154,136381
1155,136382
1156,136383
1157,136384
1158,136385
1159,136386
1160,136387
1161,136388
1162,136389
1163,136390
1164,136391
1165,136392
1166,136393
1167,136394
1168,136395
1169,136396
1170,136397
1171,136398
1172,136399
1173,136748
1174,136749
1175,136750
1176,136751
1177,136752
1178,136753
1179,136754
1180,136755
1181,136756
1182,136757
1183,136758
1184,136759
1185,136760
1186,136761
1187,136762
1188,136763
1189,136764
1190,136765
1191,136766
1192,136767
1193,136768
1194,136769
1195,136770
1196,136771
1197,136772
1198,136773
1199,136774
1200,136775
1201,136776
1202,136777
1203,136778
1204,136779
1205,136780
1206,136781
1207,136782
1208,136783
1209,136784
1210,136785
1211,136786
1212,136787
1213,136788
1214,136789
1215,136790
1216,136791
1217,136792
1218,136793
1219,136794
1220,136795
1221,136796
1222,136797
1223,136798
1224,136799
1225,137172
1226,137173
1227,137174
1228,137175
1229,137176
1230,137177
1231,137178
1232,137179
1233,137180
1234,137181
1235,137182
1236,137183
1237,137184
1238,137185
1239,137186
1240,137187
1241,137188
1242,137189
1243,137190
1244,137191
1245,137192
1246,137193
1247,137194
1248,137195
1249,137196
1250,137197
1251,137198
1252,137199
1253,137555
1254,137556
1255,137557
1256,137558
1257,137559
1258,137560
1259,137561
1260,137562
1261,137563
1262,137564
1263,137565
1264,137566
1265,137567
1266,137568
1267,137569
1268,137570
1269,137571
1270,137572
1271,137573
1272,137574
1273,137575
1274,137576
1275,137577
1276,137578
1277,137579
1278,137580
1279,137581
1280,137582
1281,137583
1282,137584
1283,137585
1284,137586
1285,137587
1286,137588
1287,137589
1288,137590
1289,137591
1290,137592
1291,137593
1292,137594
1293,137595
1294,137596
1295,137597
1296,137598
1297,137599
1298,137940
1299,137941
1300,137942
1301,137943
1302,137944
1303,137945
1304,137946
1305,137947
1306,137948
1307,137949
1308,137950
1309,137951
1310,137952
1311,137953
1312,137954
1313,137955
1314,137956
1315,137957
1316,137958
1317,137959
1318,137960
1319,137961
1320,137962
1321,137963
1322,137964
1323,137965
1324,137966
1325,137967
1326,137968
1327,137969
1328,137970
1329,137971
1330,137972
1331,137973
1332,137974
1333,137975
1334,137976
1335,137977
1336,137978
1337,137979
1338,137980
1339,137981
1340,137982
1341,137983
1342,137984
1343,137985
1344,137986
1345,137987
1346,137988
1347,137989
1348,137990
1349,137991
1350,137992
1351,137993
1352,137994
1353,137995
1354,137996
1355,137997
1356,137998
1357,137999
1358,138360
1359,138361
1360,138362
1361,138363
1362,138364
1363,138365
1364,138366
1365,138367
1366,138368
1367,138369
1368,138370
1369,138371
1370,138372
1371,138373
1372,138374
1373,138375
1374,138376
1375,138377
1376,138378
1377,138379
1378,138380
1379,138381
1380,138382
1381,138383
1382,138384
1383,138385
1384,138386
1385,138387
1386,138388
1387,138389
1388,138390
1389,138391
1390,138392
1391,138393
1392,138394
1393,138395
1394,138396
1395,138397
1396,138398
1397,138399
1398,138749
1399,138750
1400,138751
1401,138752
1402,138753
1403,138754
1404,138755
1405,138756
1406,138757
1407,138758
1408,138759
1409,138760
1410,138761
1411,138762
1412,138763
1413,138764
1414,138765
1415,138766
1416,138767
1417,138768
1418,138769
1419,138770
1420,138771
1421,138772
1422,138773
1423,138774
1424,138775
1425,138776
1426,138777
1427,138778
1428,138779
1429,138780
1430,138781
1431,138782
1432,138783
1433,138784
1434,138785
1435,138786
1436,138787
1437,138788
1438,138789
1439,138790
1440,138791
1441,138792
1442,138793
1443,138794
1444,138795
1445,138796
1446,138797
1447,138798
1448,138799
1449,139159
1450,139160
1451,139161
1452,139162
1453,139163
1454,139164
1455,139165
1456,139166
1457,139167
1458,139168
1459,139169
1460,139170
1461,139171
1462,139172
1463,139173
1464,139174
1465,139175
1466,139176
1467,139177
1468,139178
1469,139179
1470,139180
1471,139181
1472,139182
1473,139183
1474,139184
1475,139185
1476,139186
1477,139187
1478,139188
1479,139189
1480,139190
1481,139191
1482,139192
1483,139193
1484,139194
1485,139195
1486,139196
1487,139197
1488,139198
1489,139199
1490,139341
1491,139499
1492,139500
1493,139501
1494,139502
1495,139503
1496,139504
1497,139505
1498,139506
1499,139507
1500,139508
1501,139509
1502,139510
1503,139511
1504,139512
1505,139513
1506,139514
1507,139515
1508,139516
1509,139517
1510,139518
1511,139519
1512,139520
1513,139521
1514,139522
1515,139523
1516,139524
1517,139525
1518,139526
1519,139527
1520,139528
1521,139529
1522,139530
1523,139531
1524,139532
1525,139533
1526,139534
1527,139535
1528,139536
1529,139537
1530,139538
1531,139539
1532,139540
1533,139541
1534,139542
1535,139543
1536,139544
1537,139545
1538,139546
1539,139547
1540,139548
1541,139549
1542,139550
1543,139551
1544,139552
1545,139553
1546,139554
1547,139555
1548,139556
1549,139557
1550,139558
1551,139559
1552,139560
1553,139561
1554,139562
1555,139563
1556,139564
1557,139565
1558,139566
1559,139567
1560,139568
1561,139569
1562,139570
1563,139571
1564,139572
1565,139573
1566,139574
1567,139575
1568,139576
1569,139577
1570,139578
1571,139579
1572,139580
1573,139581
1574,139582
1575,139583
1576,139584
1577,139585
1578,139586
1579,139587
1580,139588
1581,139589
1582,139590
1583,139591
1584,139592
1585,139593
1586,139594
1587,139595
1588,139596
1589,139597
1590,139598
1591,139599
1592,139946
1593,139947
1594,139948
1595,139949
1596,139950
1597,139951
1598,139952
1599,139953
1600,139954
1601,139955
1602,139956
1603,139957
1604,139958
1605,139959
1606,139960
1607,139961
1608,139962
1609,139963
1610,139964
1611,139965
1612,139966
1613,139967
1614,139968
1615,139969
1616,139970
1617,139971
1618,139972
1619,139973
1620,139974
1621,139975
1622,139976
1623,139977
1624,139978
1625,139979
1626,139980
1627,139981
1628,139982
1629,139983
1630,139984
1631,139985
1632,139986
1633,139987
1634,139988
1635,139989
1636,139990
1637,139991
1638,139992
1639,139993
1640,139994
1641,139995
1642,139996
1643,139997
1644,139998
1645,139999
1646,140340
1647,140341
1648,140342
1649,140343
1650,140344
1651,140345
1652,140346
1653,140347
1654,140348
1655,140349
1656,140350
1657,140351
1658,140352
1659,140353
1660,140354
1661,140355
1662,140356
1663,140357
1664,140358
1665,140359
1666,140360
1667,140361
1668,140362
1669,140363
1670,140364
1671,140365
1672,140366
1673,140367
1674,140368
1675,140369
1676,140370
1677,140371
1678,140372
1679,140373
1680,140374
1681,140375
1682,140376
1683,140377
1684,140378
1685,140379
1686,140380
1687,140381
1688,140382
1689,140383
1690,140384
1691,140385
1692,140386
1693,140387
1694,140388
1695,140389
1696,140390
1697,140391
1698,140392
1699,140393
1700,140394
1701,140395
1702,140396
1703,140397
1704,140398
1705,140399
1706,140733
1707,140734
1708,140735
1709,140736
1710,140737
1711,140738
1712,140739
1713,140740
1714,140741
1715,140742
1716,140743
1717,140744
1718,140745
1719,140746
1720,140747
1721,140748
1722,140749
1723,140750
1724,140751
1725,140752
1726,140753
1727,140754
1728,140755
1729,140756
1730,140757
1731,140758
1732,140759
1733,140760
1734,140761
1735,140762
1736,140763
1737,140764
1738,140765
1739,140766
1740,140767
1741,140768
1742,140769
1743,140770
1744,140771
1745,140772
1746,140773
1747,140774
1748,140775
1749,140776
1750,140777
1751,140778
1752,140779
1753,140780
1754,140781
1755,140782
1756,140783
1757,140784
1758,140785
1759,140786
1760,140787
1761,140788
1762,140789
1763,140790
1764,140791
1765,140792
1766,140793
1767,140794
1768,140795
1769,140796
1770,140797
1771,140798
1772,140799
1773,141114
1774,141115
1775,141116
1776,141117
1777,141118
1778,141119
1779,141120
1780,141121
1781,141122
1782,141123
1783,141124
1784,141125
1785,141126
1786,141127
1787,141128
1788,141129
1789,141130
1790,141131
1791,141132
1792,141133
1793,141134
1794,141135
1795,141136
1796,141137
1797,141138
1798,141139
1799,141140
1800,141141
1801,141142
1802,141143
1803,141144
1804,141145
1805,141146
1806,141147
1807,141148
1808,141149
1809,141150
1810,141151
1811,141152
1812,141153
1813,141154
1814,141155
1815,141156
1816,141157
1817,141158
1818,141159
1819,141160
1820,141161
1821,141162
1822,141163
1823,141164
1824,141165
1825,141166
1826,141167
1827,141168
1828,141169
1829,141170
1830,141171
1831,141172
1832,141173
1833,141174
1834,141175
1835,141176
1836,141177
1837,141178
1838,141179
1839,141180
1840,141181
1841,141182
1842,141183
1843,141184
1844,141185
1845,141186
1846,141187
1847,141188
1848,141189
1849,141190
1850,141191
1851,141192
1852,141193
1853,141194
1854,141195
1855,141196
1856,141197
1857,141198
1858,141199
1859,141502
1860,141503
1861,141504
1862,141505
1863,141506
1864,141507
1865,141508
1866,141509
1867,141510
1868,141511
1869,141512
1870,141513
1871,141514
1872,141515
1873,141516
1874,141517
1875,141518
1876,141519
1877,141520
1878,141521
1879,141522
1880,141523
1881,141524
1882,141525
1883,141526
1884,141527
1885,141528
1886,141529
1887,141530
1888,141531
1889,141532
1890,141533
1891,141534
1892,141535
1893,141536
1894,141537
1895,141538
1896,141539
1897,141540
1898,141541
1899,141542
1900,141543
1901,141544
1902,141545
1903,141546
1904,141547
1905,141548
1906,141549
1907,141550
1908,141551
1909,141552
1910,141553
1911,141554
1912,141555
1913,141556
1914,141557
1915,141558
1916,141559
1917,141560
1918,141561
1919,141562
1920,141563
1921,141564
1922,141565
1923,141566
1924,141567
1925,141568
1926,141569
1927,141570
1928,141571
1929,141572
1930,141573
1931,141574
1932,141575
1933,141576
1934,141577
1935,141578
1936,141579
1937,141580
1938,141581
1939,141582
1940,141583
1941,141584
1942,141585
1943,141586
1944,141587
1945,141588
1946,141589
1947,141590
1948,141591
1949,141592
1950,141593
1951,141594
1952,141595
1953,141596
1954,141597
1955,141598
1956,141599
1957,141939
1958,141940
1959,141941
1960,141942
1961,141943
1962,141944
1963,141945
1964,141946
1965,141947
1966,141948
1967,141949
1968,141950
1969,141951
1970,141952
1971,141953
1972,141954
1973,141955
1974,141956
1975,141957
1976,141958
1977,141959
1978,141960
1979,141961
1980,141962
1981,141963
1982,141964
1983,141965
1984,141966
1985,141967
1986,141968
1987,141969
1988,141970
1989,141971
1990,141972
1991,141973
1992,141974
1993,141975
1994,141976
1995,141977
1996,141978
1997,141979
1998,141980
1999,141981
2000,141982
2001,141983
2002,141984
2003,141985
2004,141986
2005,141987
2006,141988
2007,141989
2008,141990
2009,141991
2010,141992
2011,141993
2012,141994
2013,141995
2014,141996
2015,141997
2016,141998
2017,141999
2018,142289
2019,142290
2020,142291
2021,142292
2022,142293
2023,142294
2024,142295
2025,142296
2026,142297
2027,142298
2028,142299
2029,142300
2030,142301
2031,142302
2032,142303
2033,142304
2034,142305
2035,142306
2036,142307
2037,142308
2038,142309
2039,142310
2040,142311
2041,142312
2042,142313
2043,142314
2044,142315
2045,142316
2046,142317
2047,142318
2048,142319
2049,142320
2050,142321
2051,142322
2052,142323
2053,142324
2054,142325
2055,142326
2056,142327
2057,142328
2058,142329
2059,142330
2060,142331
2061,142332
2062,142333
2063,142334
2064,142335
2065,142336
2066,142337
2067,142338
2068,142339
2069,142340
2070,142341
2071,142342
2072,142343
2073,142344
2074,142345
2075,142346
2076,142347
2077,142348
2078,142349
2079,142350
2080,142351
2081,142352
2082,142353
2083,142354
2084,142355
2085,142356
2086,142357
2087,142358
2088,142359
2089,142360
2090,142361
2091,142362
2092,142363
2093,142364
2094,142365
2095,142366
2096,142367
2097,142368
2098,142369
2099,142370
2100,142371
2101,142372
2102,142373
2103,142374
2104,142375
2105,142376
2106,142377
2107,142378
2108,142379
2109,142380
2110,142381
2111,142382
2112,142383
2113,142384
2114,142385
2115,142386
2116,142387
2117,142388
2118,142389
2119,142390
2120,142391
2121,142392
2122,142393
2123,142394
2124,142395
2125,142396
2126,142397
2127,142398
2128,142399
2129,142713
2130,142714
2131,142715
2132,142716
2133,142717
2134,142718
2135,142719
2136,142720
2137,142721
2138,142722
2139,142723
2140,142724
2141,142725
2142,142726
2143,142727
2144,142728
2145,142729
2146,142730
2147,142731
2148,142732
2149,142733
2150,142734
2151,142735
2152,142736
2153,142737
2154,142738
2155,142739
2156,142740
2157,142741
2158,142742
2159,142743
2160,142744
2161,142745
2162,142746
2163,142747
2164,142748
2165,142749
2166,142750
2167,142751
2168,142752
2169,142753
2170,142754
2171,142755
2172,142756
2173,142757
2174,142758
2175,142759
2176,142760
2177,142761
2178,142762
2179,142763
2180,142764
2181,142765
2182,142766
2183,142767
2184,142768
2185,142769
2186,142770
2187,142771
2188,142772
2189,142773
2190,142774
2191,142775
2192,142776
2193,142777
2194,142778
2195,142779
2196,142780
2197,142781
2198,142782
2199,142783
2200,142784
2201,142785
2202,142786
2203,142787
2204,142788
2205,142789
2206,142790
2207,142791
2208,142792
2209,142793
2210,142794
2211,142795
2212,142796
2213,142797
2214,142798
2215,142799
2216,143094
2217,143095
2218,143096
2219,143097
2220,143098
2221,143099
2222,143100
2223,143101
2224,143102
2225,143103
2226,143104
2227,143105
2228,143106
2229,143107
2230,143108
2231,143109
2232,143110
2233,143111
2234,143112
2235,143113
2236,143114
2237,143115
2238,143116
2239,143117
2240,143118
2241,143119
2242,143120
2243,143121
2244,143122
2245,143123
2246,143124
2247,143125
2248,143126
2249,143127
2250,143128
2251,143129
2252,143130
2253,143131
2254,143132
2255,143133
2256,143134
2257,143135
2258,143136
2259,143137
2260,143138
2261,143139
2262,143140
2263,143141
2264,143142
2265,143143
2266,143144
2267,143145
2268,143146
2269,143147
2270,143148
2271,143149
2272,143150
2273,143151
2274,143152
2275,143153
2276,143154
2277,143155
2278,143156
2279,143157
2280,143158
2281,143159
2282,143160
2283,143161
2284,143162
2285,143163
2286,143164
2287,143165
2288,143166
2289,143167
2290,143168
2291,143169
2292,143170
2293,143171
2294,143172
2295,143173
2296,143174
2297,143175
2298,143176
2299,143177
2300,143178
2301,143179
2302,143180
2303,143181
2304,143182
2305,143183
2306,143184
2307,143185
2308,143186
2309,143187
2310,143188
2311,143189
2312,143190
2313,143191
2314,143192
2315,143193
2316,143194
2317,143195
2318,143196
2319,143197
2320,143198
2321,143199
2322,143488
2323,143489
2324,143490
2325,143491
2326,143492
2327,143493
2328,143494
2329,143495
2330,143496
2331,143497
2332,143498
2333,143499
2334,143500
2335,143501
2336,143502
2337,143503
2338,143504
2339,143505
2340,143506
2341,143507
2342,143508
2343,143509
2344,143510
2345,143511
2346,143512
2347,143513
2348,143514
2349,143515
2350,143516
2351,143517
2352,143518
2353,143519
2354,143520
2355,143521
2356,143522
2357,143523
2358,143524
2359,143525
2360,143526
2361,143527
2362,143528
2363,143529
2364,143530
2365,143531
2366,143532
2367,143533
2368,143534
2369,143535
2370,143536
2371,143537
2372,143538
2373,143539
2374,143540
2375,143541
2376,143542
2377,143543
2378,143544
2379,143545
2380,143546
2381,143547
2382,143548
2383,143549
2384,143550
2385,143551
2386,143552
2387,143553
2388,143554
2389,143555
2390,143556
2391,143557
2392,143558
2393,143559
2394,143560
2395,143561
2396,143562
2397,143563
2398,143564
2399,143565
2400,143566
2401,143567
2402,143568
2403,143569
2404,143570
2405,143571
2406,143572
2407,143573
2408,143574
2409,143575
2410,143576
2411,143577
2412,143578
2413,143579
2414,143580
2415,143581
2416,143582
2417,143583
2418,143584
2419,143585
2420,143586
2421,143587
2422,143588
2423,143589
2424,143590
2425,143591
2426,143592
2427,143593
2428,143594
2429,143595
2430,143596
2431,143597
2432,143598
2433,143599
2434,143874
2435,143875
2436,143876
2437,143877
2438,143878
2439,143879
2440,143880
2441,143881
2442,143882
2443,143883
2444,143884
2445,143885
2446,143886
2447,143887
2448,143888
2449,143889
2450,143890
2451,143891
2452,143892
2453,143893
2454,143894
2455,143895
2456,143896
2457,143897
2458,143898
2459,143899
2460,143900
2461,143901
2462,143902
2463,143903
2464,143904
2465,143905
2466,143906
2467,143907
2468,143908
2469,143909
2470,143910
2471,143911
2472,143912
2473,143913
2474,143914
2475,143915
2476,143916
2477,143917
2478,143918
2479,143919
2480,143920
2481,143921
2482,143922
2483,143923
2484,143924
2485,143925
2486,143926
2487,143927
2488,143928
2489,143929
2490,143930
2491,143931
2492,143932
2493,143933
2494,143934
2495,143935
2496,143936
2497,143937
2498,143938
2499,143939
2500,143940
2501,143941
2502,143942
2503,143943
2504,143944
2505,143945
2506,143946
2507,143947
2508,143948
2509,143949
2510,143950
2511,143951
2512,143952
2513,143953
2514,143954
2515,143955
2516,143956
2517,143957
2518,143958
2519,143959
2520,143960
2521,143961
2522,143962
2523,143963
2524,143964
2525,143965
2526,143966
2527,143967
2528,143968
2529,143969
2530,143970
2531,143971
2532,143972
2533,143973
2534,143974
2535,143975
2536,143976
2537,143977
2538,143978
2539,143979
2540,143980
2541,143981
2542,143982
2543,143983
2544,143984
2545,143985
2546,143986
2547,143987
2548,143988
2549,143989
2550,143990
2551,143991
2552,143992
2553,143993
2554,143994
2555,143995
2556,143996
2557,143997
2558,143998
2559,143999
2560,144351
2561,144352
2562,144353
2563,144354
2564,144355
2565,144356
2566,144357
2567,144358
2568,144359
2569,144360
2570,144361
2571,144362
2572,144363
2573,144364
2574,144365
2575,144366
2576,144367
2577,144368
2578,144369
2579,144370
2580,144371
2581,144372
2582,144373
2583,144374
2584,144375
2585,144376
2586,144377
2587,144378
2588,144379
2589,144380
2590,144381
2591,144382
2592,144383
2593,144384
2594,144385
2595,144386
2596,144387
2597,144388
2598,144389
2599,144390
2600,144391
2601,144392
2602,144393
2603,144394
2604,144395
2605,144396
2606,144397
2607,144398
2608,144399
2609,144744
2610,144745
2611,144746
2612,144747
2613,144748
2614,144749
2615,144750
2616,144751
2617,144752
2618,144753
2619,144754
2620,144755
2621,144756
2622,144757
2623,144758
2624,144759
2625,144760
2626,144761
2627,144762
2628,144763
2629,144764
2630,144765
2631,144766
2632,144767
2633,144768
2634,144769
2635,144770
2636,144771
2637,144772
2638,144773
2639,144774
2640,144775
2641,144776
2642,144777
2643,144778
2644,144779
2645,144780
2646,144781
2647,144782
2648,144783
2649,144784
2650,144785
2651,144786
2652,144787
2653,144788
2654,144789
2655,144790
2656,144791
2657,144792
2658,144793
2659,144794
2660,144795
2661,144796
2662,144797
2663,144798
2664,144799
2665,145124
2666,145125
2667,145126
2668,145127
2669,145128
2670,145129
2671,145130
2672,145131
2673,145132
2674,145133
2675,145134
2676,145135
2677,145136
2678,145137
2679,145138
2680,145139
2681,145140
2682,145141
2683,145142
2684,145143
2685,145144
2686,145145
2687,145146
2688,145147
2689,145148
2690,145149
2691,145150
2692,145151
2693,145152
2694,145153
2695,145154
2696,145155
2697,145156
2698,145157
2699,145158
2700,145159
2701,145160
2702,145161
2703,145162
2704,145163
2705,145164
2706,145165
2707,145166
2708,145167
2709,145168
2710,145169
2711,145170
2712,145171
2713,145172
2714,145173
2715,145174
2716,145175
2717,145176
2718,145177
2719,145178
2720,145179
2721,145180
2722,145181
2723,145182
2724,145183
2725,145184
2726,145185
2727,145186
2728,145187
2729,145188
2730,145189
2731,145190
2732,145191
2733,145192
2734,145193
2735,145194
2736,145195
2737,145196
2738,145197
2739,145198
2740,145199
2741,145516
2742,145517
2743,145518
2744,145519
2745,145520
2746,145521
2747,145522
2748,145523
2749,145524
2750,145525
2751,145526
2752,145527
2753,145528
2754,145529
2755,145530
2756,145531
2757,145532
2758,145533
2759,145534
2760,145535
2761,145536
2762,145537
2763,145538
2764,145539
2765,145540
2766,145541
2767,145542
2768,145543
2769,145544
2770,145545
2771,145546
2772,145547
2773,145548
2774,145549
2775,145550
2776,145551
2777,145552
2778,145553
2779,145554
2780,145555
2781,145556
2782,145557
2783,145558
2784,145559
2785,145560
2786,145561
2787,145562
2788,145563
2789,145564
2790,145565
2791,145566
2792,145567
2793,145568
2794,145569
2795,145570
2796,145571
2797,145572
2798,145573
2799,145574
2800,145575
2801,145576
2802,145577
2803,145578
2804,145579
2805,145580
2806,145581
2807,145582
2808,145583
2809,145584
2810,145585
2811,145586
2812,145587
2813,145588
2814,145589
2815,145590
2816,145591
2817,145592
2818,145593
2819,145594
2820,145595
2821,145596
2822,145597
2823,145598
2824,145599
2825,145932
2826,145933
2827,145934
2828,145935
2829,145936
2830,145937
2831,145938
2832,145939
2833,145940
2834,145941
2835,145942
2836,145943
2837,145944
2838,145945
2839,145946
2840,145947
2841,145948
2842,145949
2843,145950
2844,145951
2845,145952
2846,145953
2847,145954
2848,145955
2849,145956
2850,145957
2851,145958
2852,145959
2853,145960
2854,145961
2855,145962
2856,145963
2857,145964
2858,145965
2859,145966
2860,145967
2861,145968
2862,145969
2863,145970
2864,145971
2865,145972
2866,145973
2867,145974
2868,145975
2869,145976
2870,145977
2871,145978
2872,145979
2873,145980
2874,145981
2875,145982
2876,145983
2877,145984
2878,145985
2879,145986
2880,145987
2881,145988
2882,145989
2883,145990
2884,145991
2885,145992
2886,145993
2887,145994
2888,145995
2889,145996
2890,145997
2891,145998
2892,145999
2893,146325
2894,146326
2895,146327
2896,146328
2897,146329
2898,146330
2899,146331
2900,146332
2901,146333
2902,146334
2903,146335
2904,146336
2905,146337
2906,146338
2907,146339
2908,146340
2909,146341
2910,146342
2911,146343
2912,146344
2913,146345
2914,146346
2915,146347
2916,146348
2917,146349
2918,146350
2919,146351
2920,146352
2921,146353
2922,146354
2923,146355
2924,146356
2925,146357
2926,146358
2927,146359
2928,146360
2929,146361
2930,146362
2931,146363
2932,146364
2933,146365
2934,146366
2935,146367
2936,146368
2937,146369
2938,146370
2939,146371
2940,146372
2941,146373
2942,146374
2943,146375
2944,146376
2945,146377
2946,146378
2947,146379
2948,146380
2949,146381
2950,146382
2951,146383
2952,146384
2953,146385
2954,146386
2955,146387
2956,146388
2957,146389
2958,146390
2959,146391
2960,146392
2961,146393
2962,146394
2963,146395
2964,146396
2965,146397
2966,146398
2967,146399
2968,146750
2969,146751
2970,146752
2971,146753
2972,146754
2973,146755
2974,146756
2975,146757
2976,146758
2977,146759
2978,146760
2979,146761
2980,146762
2981,146763
2982,146764
2983,146765
2984,146766
2985,146767
2986,146768
2987,146769
2988,146770
2989,146771
2990,146772
2991,146773
2992,146774
2993,146775
2994,146776
2995,146777
2996,146778
2997,146779
2998,146780
2999,146781
3000,146782
3001,146783
3002,146784
3003,146785
3004,146786
3005,146787
3006,146788
3007,146789
3008,146790
3009,146791
3010,146792
3011,146793
3012,146794
3013,146795
3014,146796
3015,146797
3016,146798
3017,146799
3018,147129
3019,147130
3020,147131
3021,147132
3022,147133
3023,147134
3024,147135
3025,147136
3026,147137
3027,147138
3028,147139
3029,147140
3030,147141
3031,147142
3032,147143
3033,147144
3034,147145
3035,147146
3036,147147
3037,147148
3038,147149
3039,147150
3040,147151
3041,147152
3042,147153
3043,147154
3044,147155
3045,147156
3046,147157
3047,147158
3048,147159
3049,147160
3050,147161
3051,147162
3052,147163
3053,147164
3054,147165
3055,147166
3056,147167
3057,147168
3058,147169
3059,147170
3060,147171
3061,147172
3062,147173
3063,147174
3064,147175
3065,147176
3066,147177
3067,147178
3068,147179
3069,147180
3070,147181
3071,147182
3072,147183
3073,147184
3074,147185
3075,147186
3076,147187
3077,147188
3078,147189
3079,147190
3080,147191
3081,147192
3082,147193
3083,147194
3084,147195
3085,147196
3086,147197
3087,147198
3088,147199
3089,147530
3090,147531
3091,147532
3092,147533
3093,147534
3094,147535
3095,147536
3096,147537
3097,147538
3098,147539
3099,147540
3100,147541
3101,147542
3102,147543
3103,147544
3104,147545
3105,147546
3106,147547
3107,147548
3108,147549
3109,147550
3110,147551
3111,147552
3112,147553
3113,147554
3114,147555
3115,147556
3116,147557
3117,147558
3118,147559
3119,147560
3120,147561
3121,147562
3122,147563
3123,147564
3124,147565
3125,147566
3126,147567
3127,147568
3128,147569
3129,147570
3130,147571
3131,147572
3132,147573
3133,147574
3134,147575
3135,147576
3136,147577
3137,147578
3138,147579
3139,147580
3140,147581
3141,147582
3142,147583
3143,147584
3144,147585
3145,147586
3146,147587
3147,147588
3148,147589
3149,147590
3150,147591
3151,147592
3152,147593
3153,147594
3154,147595
3155,147596
3156,147597
3157,147598
3158,147599
3159,147945
3160,147946
3161,147947
3162,147948
3163,147949
3164,147950
3165,147951
3166,147952
3167,147953
3168,147954
3169,147955
3170,147956
3171,147957
3172,147958
3173,147959
3174,147960
3175,147961
3176,147962
3177,147963
3178,147964
3179,147965
3180,147966
3181,147967
3182,147968
3183,147969
3184,147970
3185,147971
3186,147972
3187,147973
3188,147974
3189,147975
3190,147976
3191,147977
3192,147978
3193,147979
3194,147980
3195,147981
3196,147982
3197,147983
3198,147984
3199,147985
3200,147986
3201,147987
3202,147988
3203,147989
3204,147990
3205,147991
3206,147992
3207,147993
3208,147994
3209,147995
3210,147996
3211,147997
3212,147998
3213,147999
3214,148321
3215,148322
3216,148323
3217,148324
3218,148325
3219,148326
3220,148327
3221,148328
3222,148329
3223,148330
3224,148331
3225,148332
3226,148333
3227,148334
3228,148335
3229,148336
3230,148337
3231,148338
3232,148339
3233,148340
3234,148341
3235,148342
3236,148343
3237,148344
3238,148345
3239,148346
3240,148347
3241,148348
3242,148349
3243,148350
3244,148351
3245,148352
3246,148353
3247,148354
3248,148355
3249,148356
3250,148357
3251,148358
3252,148359
3253,148360
3254,148361
3255,148362
3256,148363
3257,148364
3258,148365
3259,148366
3260,148367
3261,148368
3262,148369
3263,148370
3264,148371
3265,148372
3266,148373
3267,148374
3268,148375
3269,148376
3270,148377
3271,148378
3272,148379
3273,148380
3274,148381
3275,148382
3276,148383
3277,148384
3278,148385
3279,148386
3280,148387
3281,148388
3282,148389
3283,148390
3284,148391
3285,148392
3286,148393
3287,148394
3288,148395
3289,148396
3290,148397
3291,148398
3292,148399
3293,148704
3294,148705
3295,148706
3296,148707
3297,148708
3298,148709
3299,148710
3300,148711
3301,148712
3302,148713
3303,148714
3304,148715
3305,148716
3306,148717
3307,148718
3308,148719
3309,148720
3310,148721
3311,148722
3312,148723
3313,148724
3314,148725
3315,148726
3316,148727
3317,148728
3318,148729
3319,148730
3320,148731
3321,148732
3322,148733
3323,148734
3324,148735
3325,148736
3326,148737
3327,148738
3328,148739
3329,148740
3330,148741
3331,148742
3332,148743
3333,148744
3334,148745
3335,148746
3336,148747
3337,148748
3338,148749
3339,148750
3340,148751
3341,148752
3342,148753
3343,148754
3344,148755
3345,148756
3346,148757
3347,148758
3348,148759
3349,148760
3350,148761
3351,148762
3352,148763
3353,148764
3354,148765
3355,148766
3356,148767
3357,148768
3358,148769
3359,148770
3360,148771
3361,148772
3362,148773
3363,148774
3364,148775
3365,148776
3366,148777
3367,148778
3368,148779
3369,148780
3370,148781
3371,148782
3372,148783
3373,148784
3374,148785
3375,148786
3376,148787
3377,148788
3378,148789
3379,148790
3380,148791
3381,148792
3382,148793
3383,148794
3384,148795
3385,148796
3386,148797
3387,148798
3388,148799
3389,149115
3390,149116
3391,149117
3392,149118
3393,149119
3394,149120
3395,149121
3396,149122
3397,149123
3398,149124
3399,149125
3400,149126
3401,149127
3402,149128
3403,149129
3404,149130
3405,149131
3406,149132
3407,149133
3408,149134
3409,149135
3410,149136
3411,149137
3412,149138
3413,149139
3414,149140
3415,149141
3416,149142
3417,149143
3418,149144
3419,149145
3420,149146
3421,149147
3422,149148
3423,149149
3424,149150
3425,149151
3426,149152
3427,149153
3428,149154
3429,149155
3430,149156
3431,149157
3432,149158
3433,149159
3434,149160
3435,149161
3436,149162
3437,149163
3438,149164
3439,149165
3440,149166
3441,149167
3442,149168
3443,149169
3444,149170
3445,149171
3446,149172
3447,149173
3448,149174
3449,149175
3450,149176
3451,149177
3452,149178
3453,149179
3454,149180
3455,149181
3456,149182
3457,149183
3458,149184
3459,149185
3460,149186
3461,149187
3462,149188
3463,149189
3464,149190
3465,149191
3466,149192
3467,149193
3468,149194
3469,149195
3470,149196
3471,149197
3472,149198
3473,149199
3474,149507
3475,149508
3476,149509
3477,149510
3478,149511
3479,149512
3480,149513
3481,149514
3482,149515
3483,149516
3484,149517
3485,149518
3486,149519
3487,149520
3488,149521
3489,149522
3490,149523
3491,149524
3492,149525
3493,149526
3494,149527
3495,149528
3496,149529
3497,149530
3498,149531
3499,149532
3500,149533
3501,149534
3502,149535
3503,149536
3504,149537
3505,149538
3506,149539
3507,149540
3508,149541
3509,149542
3510,149543
3511,149544
3512,149545
3513,149546
3514,149547
3515,149548
3516,149549
3517,149550
3518,149551
3519,149552
3520,149553
3521,149554
3522,149555
3523,149556
3524,149557
3525,149558
3526,149559
3527,149560
3528,149561
3529,149562
3530,149563
3531,149564
3532,149565
3533,149566
3534,149567
3535,149568
3536,149569
3537,149570
3538,149571
3539,149572
3540,149573
3541,149574
3542,149575
3543,149576
3544,149577
3545,149578
3546,149579
3547,149580
3548,149581
3549,149582
3550,149583
3551,149584
3552,149585
3553,149586
3554,149587
3555,149588
3556,149589
3557,149590
3558,149591
3559,149592
3560,149593
3561,149594
3562,149595
3563,149596
3564,149597
3565,149598
3566,149599
3567,149902
3568,149903
3569,149904
3570,149905
3571,149906
3572,149907
3573,149908
3574,149909
3575,149910
3576,149911
3577,149912
3578,149913
3579,149914
3580,149915
3581,149916
3582,149917
3583,149918
3584,149919
3585,149920
3586,149921
3587,149922
3588,149923
3589,149924
3590,149925
3591,149926
3592,149927
3593,149928
3594,149929
3595,149930
3596,149931
3597,149932
3598,149933
3599,149934
3600,149935
3601,149936
3602,149937
3603,149938
3604,149939
3605,149940
3606,149941
3607,149942
3608,149943
3609,149944
3610,149945
3611,149946
3612,149947
3613,149948
3614,149949
3615,149950
3616,149951
3617,149952
3618,149953
3619,149954
3620,149955
3621,149956
3622,149957
3623,149958
3624,149959
3625,149960
3626,149961
3627,149962
3628,149963
3629,149964
3630,149965
3631,149966
3632,149967
3633,149968
3634,149969
3635,149970
3636,149971
3637,149972
3638,149973
3639,149974
3640,149975
3641,149976
3642,149977
3643,149978
3644,149979
3645,149980
3646,149981
3647,149982
3648,149983
3649,149984
3650,149985
3651,149986
3652,149987
3653,149988
3654,149989
3655,149990
3656,149991
3657,149992
3658,149993
3659,149994
3660,149995
3661,149996
3662,149997
3663,149998
3664,149999
3665,150294
3666,150295
3667,150296
3668,150297
3669,150298
3670,150299
3671,150300
3672,150301
3673,150302
3674,150303
3675,150304
3676,150305
3677,150306
3678,150307
3679,150308
3680,150309
3681,150310
3682,150311
3683,150312
3684,150313
3685,150314
3686,150315
3687,150316
3688,150317
3689,150318
3690,150319
3691,150320
3692,150321
3693,150322
3694,150323
3695,150324
3696,150325
3697,150326
3698,150327
3699,150328
3700,150329
3701,150330
3702,150331
3703,150332
3704,150333
3705,150334
3706,150335
3707,150336
3708,150337
3709,150338
3710,150339
3711,150340
3712,150341
3713,150342
3714,150343
3715,150344
3716,150345
3717,150346
3718,150347
3719,150348
3720,150349
3721,150350
3722,150351
3723,150352
3724,150353
3725,150354
3726,150355
3727,150356
3728,150357
3729,150358
3730,150359
3731,150360
3732,150361
3733,150362
3734,150363
3735,150364
3736,150365
3737,150366
3738,150367
3739,150368
3740,150369
3741,150370
3742,150371
3743,150372
3744,150373
3745,150374
3746,150375
3747,150376
3748,150377
3749,150378
3750,150379
3751,150380
3752,150381
3753,150382
3754,150383
3755,150384
3756,150385
3757,150386
3758,150387
3759,150388
3760,150389
3761,150390
3762,150391
3763,150392
3764,150393
3765,150394
3766,150395
3767,150396
3768,150397
3769,150398
3770,150399
3771,150688
3772,150689
3773,150690
3774,150691
3775,150692
3776,150693
3777,150694
3778,150695
3779,150696
3780,150697
3781,150698
3782,150699
3783,150700
3784,150701
3785,150702
3786,150703
3787,150704
3788,150705
3789,150706
3790,150707
3791,150708
3792,150709
3793,150710
3794,150711
3795,150712
3796,150713
3797,150714
3798,150715
3799,150716
3800,150717
3801,150718
3802,150719
3803,150720
3804,150721
3805,150722
3806,150723
3807,150724
3808,150725
3809,150726
3810,150727
3811,150728
3812,150729
3813,150730
3814,150731
3815,150732
3816,150733
3817,150734
3818,150735
3819,150736
3820,150737
3821,150738
3822,150739
3823,150740
3824,150741
3825,150742
3826,150743
3827,150744
3828,150745
3829,150746
3830,150747
3831,150748
3832,150749
3833,150750
3834,150751
3835,150752
3836,150753
3837,150754
3838,150755
3839,150756
3840,150757
3841,150758
3842,150759
3843,150760
3844,150761
3845,150762
3846,150763
3847,150764
3848,150765
3849,150766
3850,150767
3851,150768
3852,150769
3853,150770
3854,150771
3855,150772
3856,150773
3857,150774
3858,150775
3859,150776
3860,150777
3861,150778
3862,150779
3863,150780
3864,150781
3865,150782
3866,150783
3867,150784
3868,150785
3869,150786
3870,150787
3871,150788
3872,150789
3873,150790
3874,150791
3875,150792
3876,150793
3877,150794
3878,150795
3879,150796
3880,150797
3881,150798
3882,150799
3883,151086
3884,151087
3885,151088
3886,151089
3887,151090
3888,151091
3889,151092
3890,151093
3891,151094
3892,151095
3893,151096
3894,151097
3895,151098
3896,151099
3897,151100
3898,151101
3899,151102
3900,151103
3901,151104
3902,151105
3903,151106
3904,151107
3905,151108
3906,151109
3907,151110
3908,151111
3909,151112
3910,151113
3911,151114
3912,151115
3913,151116
3914,151117
3915,151118
3916,151119
3917,151120
3918,151121
3919,151122
3920,151123
3921,151124
3922,151125
3923,151126
3924,151127
3925,151128
3926,151129
3927,151130
3928,151131
3929,151132
3930,151133
3931,151134
3932,151135
3933,151136
3934,151137
3935,151138
3936,151139
3937,151140
3938,151141
3939,151142
3940,151143
3941,151144
3942,151145
3943,151146
3944,151147
3945,151148
3946,151149
3947,151150
3948,151151
3949,151152
3950,151153
3951,151154
3952,151155
3953,151156
3954,151157
3955,151158
3956,151159
3957,151160
3958,151161
3959,151162
3960,151163
3961,151164
3962,151165
3963,151166
3964,151167
3965,151168
3966,151169
3967,151170
3968,151171
3969,151172
3970,151173
3971,151174
3972,151175
3973,151176
3974,151177
3975,151178
3976,151179
3977,151180
3978,151181
3979,151182
3980,151183
3981,151184
3982,151185
3983,151186
3984,151187
3985,151188
3986,151189
3987,151190
3988,151191
3989,151192
3990,151193
3991,151194
3992,151195
3993,151196
3994,151197
3995,151198
3996,151199
3997,151470
3998,151471
3999,151472
4000,151473
4001,151474
4002,151475
4003,151476
4004,151477
4005,151478
4006,151479
4007,151480
4008,151481
4009,151482
4010,151483
4011,151484
4012,151485
4013,151486
4014,151487
4015,151488
4016,151489
4017,151490
4018,151491
4019,151492
4020,151493
4021,151494
4022,151495
4023,151496
4024,151497
4025,151498
4026,151499
4027,151500
4028,151501
4029,151502
4030,151503
4031,151504
4032,151505
4033,151506
4034,151507
4035,151508
4036,151509
4037,151510
4038,151511
4039,151512
4040,151513
4041,151514
4042,151515
4043,151516
4044,151517
4045,151518
4046,151519
4047,151520
4048,151521
4049,151522
4050,151523
4051,151524
4052,151525
4053,151526
4054,151527
4055,151528
4056,151529
4057,151530
4058,151531
4059,151532
4060,151533
4061,151534
4062,151535
4063,151536
4064,151537
4065,151538
4066,151539
4067,151540
4068,151541
4069,151542
4070,151543
4071,151544
4072,151545
4073,151546
4074,151547
4075,151548
4076,151549
4077,151550
4078,151551
4079,151552
4080,151553
4081,151554
4082,151555
4083,151556
4084,151557
4085,151558
4086,151559
4087,151560
4088,151561
4089,151562
4090,151563
4091,151564
4092,151565
4093,151566
4094,151567
4095,151568
4096,151569
4097,151570
4098,151571
4099,151572
4100,151573
4101,151574
4102,151575
4103,151576
4104,151577
4105,151578
4106,151579
4107,151580
4108,151581
4109,151582
4110,151583
4111,151584
4112,151585
4113,151586
4114,151587
4115,151588
4116,151589
4117,151590
4118,151591
4119,151592
4120,151593
4121,151594
4122,151595
4123,151596
4124,151597
4125,151598
4126,151599
4127,151858
4128,151859
4129,151860
4130,151861
4131,151862
4132,151863
4133,151864
4134,151865
4135,151866
4136,151867
4137,151868
4138,151869
4139,151870
4140,151871
4141,151872
4142,151873
4143,151874
4144,151875
4145,151876
4146,151877
4147,151878
4148,151879
4149,151880
4150,151881
4151,151882
4152,151883
4153,151884
4154,151885
4155,151886
4156,151887
4157,151888
4158,151889
4159,151890
4160,151891
4161,151892
4162,151893
4163,151894
4164,151895
4165,151896
4166,151897
4167,151898
4168,151899
4169,151900
4170,151901
4171,151902
4172,151903
4173,151904
4174,151905
4175,151906
4176,151907
4177,151908
4178,151909
4179,151910
4180,151911
4181,151912
4182,151913
4183,151914
4184,151915
4185,151916
4186,151917
4187,151918
4188,151919
4189,151920
4190,151921
4191,151922
4192,151923
4193,151924
4194,151925
4195,151926
4196,151927
4197,151928
4198,151929
4199,151930
4200,151931
4201,151932
4202,151933
4203,151934
4204,151935
4205,151936
4206,151937
4207,151938
4208,151939
4209,151940
4210,151941
4211,151942
4212,151943
4213,151944
4214,151945
4215,151946
4216,151947
4217,151948
4218,151949
4219,151950
4220,151951
4221,151952
4222,151953
4223,151954
4224,151955
4225,151956
4226,151957
4227,151958
4228,151959
4229,151960
4230,151961
4231,151962
4232,151963
4233,151964
4234,151965
4235,151966
4236,151967
4237,151968
4238,151969
4239,151970
4240,151971
4241,151972
4242,151973
4243,151974
4244,151975
4245,151976
4246,151977
4247,151978
4248,151979
4249,151980
4250,151981
4251,151982
4252,151983
4253,151984
4254,151985
4255,151986
4256,151987
4257,151988
4258,151989
4259,151990
4260,151991
4261,151992
4262,151993
4263,151994
4264,151995
4265,151996
4266,151997
4267,151998
4268,151999
4269,152332
4270,152333
4271,152334
4272,152335
4273,152336
4274,152337
4275,152338
4276,152339
4277,152340
4278,152341
4279,152342
4280,152343
4281,152344
4282,152345
4283,152346
4284,152347
4285,152348
4286,152349
4287,152350
4288,152351
4289,152352
4290,152353
4291,152354
4292,152355
4293,152356
4294,152357
4295,152358
4296,152359
4297,152360
4298,152361
4299,152362
4300,152363
4301,152364
4302,152365
4303,152366
4304,152367
4305,152368
4306,152369
4307,152370
4308,152371
4309,152372
4310,152373
4311,152374
4312,152375
4313,152376
4314,152377
4315,152378
4316,152379
4317,152380
4318,152381
4319,152382
4320,152383
4321,152384
4322,152385
4323,152386
4324,152387
4325,152388
4326,152389
4327,152390
4328,152391
4329,152392
4330,152393
4331,152394
4332,152395
4333,152396
4334,152397
4335,152398
4336,152399
4337,152717
4338,152718
4339,152719
4340,152720
4341,152721
4342,152722
4343,152723
4344,152724
4345,152725
4346,152726
4347,152727
4348,152728
4349,152729
4350,152730
4351,152731
4352,152732
4353,152733
4354,152734
4355,152735
4356,152736
4357,152737
4358,152738
4359,152739
4360,152740
4361,152741
4362,152742
4363,152743
4364,152744
4365,152745
4366,152746
4367,152747
4368,152748
4369,152749
4370,152750
4371,152751
4372,152752
4373,152753
4374,152754
4375,152755
4376,152756
4377,152757
4378,152758
4379,152759
4380,152760
4381,152761
4382,152762
4383,152763
4384,152764
4385,152765
4386,152766
4387,152767
4388,152768
4389,152769
4390,152770
4391,152771
4392,152772
4393,152773
4394,152774
4395,152775
4396,152776
4397,152777
4398,152778
4399,152779
4400,152780
4401,152781
4402,152782
4403,152783
4404,152784
4405,152785
4406,152786
4407,152787
4408,152788
4409,152789
4410,152790
4411,152791
4412,152792
4413,152793
4414,152794
4415,152795
4416,152796
4417,152797
4418,152798
4419,152799
4420,153124
4421,153125
4422,153126
4423,153127
4424,153128
4425,153129
4426,153130
4427,153131
4428,153132
4429,153133
4430,153134
4431,153135
4432,153136
4433,153137
4434,153138
4435,153139
4436,153140
4437,153141
4438,153142
4439,153143
4440,153144
4441,153145
4442,153146
4443,153147
4444,153148
4445,153149
4446,153150
4447,153151
4448,153152
4449,153153
4450,153154
4451,153155
4452,153156
4453,153157
4454,153158
4455,153159
4456,153160
4457,153161
4458,153162
4459,153163
4460,153164
4461,153165
4462,153166
4463,153167
4464,153168
4465,153169
4466,153170
4467,153171
4468,153172
4469,153173
4470,153174
4471,153175
4472,153176
4473,153177
4474,153178
4475,153179
4476,153180
4477,153181
4478,153182
4479,153183
4480,153184
4481,153185
4482,153186
4483,153187
4484,153188
4485,153189
4486,153190
4487,153191
4488,153192
4489,153193
4490,153194
4491,153195
4492,153196
4493,153197
4494,153198
4495,153199
4496,153507
4497,153508
4498,153509
4499,153510
4500,153511
4501,153512
4502,153513
4503,153514
4504,153515
4505,153516
4506,153517
4507,153518
4508,153519
4509,153520
4510,153521
4511,153522
4512,153523
4513,153524
4514,153525
4515,153526
4516,153527
4517,153528
4518,153529
4519,153530
4520,153531
4521,153532
4522,153533
4523,153534
4524,153535
4525,153536
4526,153537
4527,153538
4528,153539
4529,153540
4530,153541
4531,153542
4532,153543
4533,153544
4534,153545
4535,153546
4536,153547
4537,153548
4538,153549
4539,153550
4540,153551
4541,153552
4542,153553
4543,153554
4544,153555
4545,153556
4546,153557
4547,153558
4548,153559
4549,153560
4550,153561
4551,153562
4552,153563
4553,153564
4554,153565
4555,153566
4556,153567
4557,153568
4558,153569
4559,153570
4560,153571
4561,153572
4562,153573
4563,153574
4564,153575
4565,153576
4566,153577
4567,153578
4568,153579
4569,153580
4570,153581
4571,153582
4572,153583
4573,153584
4574,153585
4575,153586
4576,153587
4577,153588
4578,153589
4579,153590
4580,153591
4581,153592
4582,153593
4583,153594
4584,153595
4585,153596
4586,153597
4587,153598
4588,153599
4589,153917
4590,153918
4591,153919
4592,153920
4593,153921
4594,153922
4595,153923
4596,153924
4597,153925
4598,153926
4599,153927
4600,153928
4601,153929
4602,153930
4603,153931
4604,153932
4605,153933
4606,153934
4607,153935
4608,153936
4609,153937
4610,153938
4611,153939
4612,153940
4613,153941
4614,153942
4615,153943
4616,153944
4617,153945
4618,153946
4619,153947
4620,153948
4621,153949
4622,153950
4623,153951
4624,153952
4625,153953
4626,153954
4627,153955
4628,153956
4629,153957
4630,153958
4631,153959
4632,153960
4633,153961
4634,153962
4635,153963
4636,153964
4637,153965
4638,153966
4639,153967
4640,153968
4641,153969
4642,153970
4643,153971
4644,153972
4645,153973
4646,153974
4647,153975
4648,153976
4649,153977
4650,153978
4651,153979
4652,153980
4653,153981
4654,153982
4655,153983
4656,153984
4657,153985
4658,153986
4659,153987
4660,153988
4661,153989
4662,153990
4663,153991
4664,153992
4665,153993
4666,153994
4667,153995
4668,153996
4669,153997
4670,153998
4671,153999
4672,154319
4673,154320
4674,154321
4675,154322
4676,154323
4677,154324
4678,154325
4679,154326
4680,154327
4681,154328
4682,154329
4683,154330
4684,154331
4685,154332
4686,154333
4687,154334
4688,154335
4689,154336
4690,154337
4691,154338
4692,154339
4693,154340
4694,154341
4695,154342
4696,154343
4697,154344
4698,154345
4699,154346
4700,154347
4701,154348
4702,154349
4703,154350
4704,154351
4705,154352
4706,154353
4707,154354
4708,154355
4709,154356
4710,154357
4711,154358
4712,154359
4713,154360
4714,154361
4715,154362
4716,154363
4717,154364
4718,154365
4719,154366
4720,154367
4721,154368
4722,154369
4723,154370
4724,154371
4725,154372
4726,154373
4727,154374
4728,154375
4729,154376
4730,154377
4731,154378
4732,154379
4733,154380
4734,154381
4735,154382
4736,154383
4737,154384
4738,154385
4739,154386
4740,154387
4741,154388
4742,154389
4743,154390
4744,154391
4745,154392
4746,154393
4747,154394
4748,154395
4749,154396
4750,154397
4751,154398
4752,154399
4753,154705
4754,154706
4755,154707
4756,154708
4757,154709
4758,154710
4759,154711
4760,154712
4761,154713
4762,154714
4763,154715
4764,154716
4765,154717
4766,154718
4767,154719
4768,154720
4769,154721
4770,154722
4771,154723
4772,154724
4773,154725
4774,154726
4775,154727
4776,154728
4777,154729
4778,154730
4779,154731
4780,154732
4781,154733
4782,154734
4783,154735
4784,154736
4785,154737
4786,154738
4787,154739
4788,154740
4789,154741
4790,154742
4791,154743
4792,154744
4793,154745
4794,154746
4795,154747
4796,154748
4797,154749
4798,154750
4799,154751
4800,154752
4801,154753
4802,154754
4803,154755
4804,154756
4805,154757
4806,154758
4807,154759
4808,154760
4809,154761
4810,154762
4811,154763
4812,154764
4813,154765
4814,154766
4815,154767
4816,154768
4817,154769
4818,154770
4819,154771
4820,154772
4821,154773
4822,154774
4823,154775
4824,154776
4825,154777
4826,154778
4827,154779
4828,154780
4829,154781
4830,154782
4831,154783
4832,154784
4833,154785
4834,154786
4835,154787
4836,154788
4837,154789
4838,154790
4839,154791
4840,154792
4841,154793
4842,154794
4843,154795
4844,154796
4845,154797
4846,154798
4847,154799
4848,155118
4849,155119
4850,155120
4851,155121
4852,155122
4853,155123
4854,155124
4855,155125
4856,155126
4857,155127
4858,155128
4859,155129
4860,155130
4861,155131
4862,155132
4863,155133
4864,155134
4865,155135
4866,155136
4867,155137
4868,155138
4869,155139
4870,155140
4871,155141
4872,155142
4873,155143
4874,155144
4875,155145
4876,155146
4877,155147
4878,155148
4879,155149
4880,155150
4881,155151
4882,155152
4883,155153
4884,155154
4885,155155
4886,155156
4887,155157
4888,155158
4889,155159
4890,155160
4891,155161
4892,155162
4893,155163
4894,155164
4895,155165
4896,155166
4897,155167
4898,155168
4899,155169
4900,155170
4901,155171
4902,155172
4903,155173
4904,155174
4905,155175
4906,155176
4907,155177
4908,155178
4909,155179
4910,155180
4911,155181
4912,155182
4913,155183
4914,155184
4915,155185
4916,155186
4917,155187
4918,155188
4919,155189
4920,155190
4921,155191
4922,155192
4923,155193
4924,155194
4925,155195
4926,155196
4927,155197
4928,155198
4929,155199
4930,155514
4931,155515
4932,155516
4933,155517
4934,155518
4935,155519
4936,155520
4937,155521
4938,155522
4939,155523
4940,155524
4941,155525
4942,155526
4943,155527
4944,155528
4945,155529
4946,155530
4947,155531
4948,155532
4949,155533
4950,155534
4951,155535
4952,155536
4953,155537
4954,155538
4955,155539
4956,155540
4957,155541
4958,155542
4959,155543
4960,155544
4961,155545
4962,155546
4963,155547
4964,155548
4965,155549
4966,155550
4967,155551
4968,155552
4969,155553
4970,155554
4971,155555
4972,155556
4973,155557
4974,155558
4975,155559
4976,155560
4977,155561
4978,155562
4979,155563
4980,155564
4981,155565
4982,155566
4983,155567
4984,155568
4985,155569
4986,155570
4987,155571
4988,155572
4989,155573
4990,155574
4991,155575
4992,155576
4993,155577
4994,155578
4995,155579
4996,155580
4997,155581
4998,155582
4999,155583
5000,155584
5001,155585
5002,155586
5003,155587
5004,155588
5005,155589
5006,155590
5007,155591
5008,155592
5009,155593
5010,155594
5011,155595
5012,155596
5013,155597
5014,155598
5015,155599
5016,155907
5017,155908
5018,155909
5019,155910
5020,155911
5021,155912
5022,155913
5023,155914
5024,155915
5025,155916
5026,155917
5027,155918
5028,155919
5029,155920
5030,155921
5031,155922
5032,155923
5033,155924
5034,155925
5035,155926
5036,155927
5037,155928
5038,155929
5039,155930
5040,155931
5041,155932
5042,155933
5043,155934
5044,155935
5045,155936
5046,155937
5047,155938
5048,155939
5049,155940
5050,155941
5051,155942
5052,155943
5053,155944
5054,155945
5055,155946
5056,155947
5057,155948
5058,155949
5059,155950
5060,155951
5061,155952
5062,155953
5063,155954
5064,155955
5065,155956
5066,155957
5067,155958
5068,155959
5069,155960
5070,155961
5071,155962
5072,155963
5073,155964
5074,155965
5075,155966
5076,155967
5077,155968
5078,155969
5079,155970
5080,155971
5081,155972
5082,155973
5083,155974
5084,155975
5085,155976
5086,155977
5087,155978
5088,155979
5089,155980
5090,155981
5091,155982
5092,155983
5093,155984
5094,155985
5095,155986
5096,155987
5097,155988
5098,155989
5099,155990
5100,155991
5101,155992
5102,155993
5103,155994
5104,155995
5105,155996
5106,155997
5107,155998
5108,155999
5109,156301
5110,156302
5111,156303
5112,156304
5113,156305
5114,156306
5115,156307
5116,156308
5117,156309
5118,156310
5119,156311
5120,156312
5121,156313
5122,156314
5123,156315
5124,156316
5125,156317
5126,156318
5127,156319
5128,156320
5129,156321
5130,156322
5131,156323
5132,156324
5133,156325
5134,156326
5135,156327
5136,156328
5137,156329
5138,156330
5139,156331
5140,156332
5141,156333
5142,156334
5143,156335
5144,156336
5145,156337
5146,156338
5147,156339
5148,156340
5149,156341
5150,156342
5151,156343
5152,156344
5153,156345
5154,156346
5155,156347
5156,156348
5157,156349
5158,156350
5159,156351
5160,156352
5161,156353
5162,156354
5163,156355
5164,156356
5165,156357
5166,156358
5167,156359
5168,156360
5169,156361
5170,156362
5171,156363
5172,156364
5173,156365
5174,156366
5175,156367
5176,156368
5177,156369
5178,156370
5179,156371
5180,156372
5181,156373
5182,156374
5183,156375
5184,156376
5185,156377
5186,156378
5187,156379
5188,156380
5189,156381
5190,156382
5191,156383
5192,156384
5193,156385
5194,156386
5195,156387
5196,156388
5197,156389
5198,156390
5199,156391
5200,156392
5201,156393
5202,156394
5203,156395
5204,156396
5205,156397
5206,156398
5207,156399
5208,156717
5209,156718
5210,156719
5211,156720
5212,156721
5213,156722
5214,156723
5215,156724
5216,156725
5217,156726
5218,156727
5219,156728
5220,156729
5221,156730
5222,156731
5223,156732
5224,156733
5225,156734
5226,156735
5227,156736
5228,156737
5229,156738
5230,156739
5231,156740
5232,156741
5233,156742
5234,156743
5235,156744
5236,156745
5237,156746
5238,156747
5239,156748
5240,156749
5241,156750
5242,156751
5243,156752
5244,156753
5245,156754
5246,156755
5247,156756
5248,156757
5249,156758
5250,156759
5251,156760
5252,156761
5253,156762
5254,156763
5255,156764
5256,156765
5257,156766
5258,156767
5259,156768
5260,156769
5261,156770
5262,156771
5263,156772
5264,156773
5265,156774
5266,156775
5267,156776
5268,156777
5269,156778
5270,156779
5271,156780
5272,156781
5273,156782
5274,156783
5275,156784
5276,156785
5277,156786
5278,156787
5279,156788
5280,156789
5281,156790
5282,156791
5283,156792
5284,156793
5285,156794
5286,156795
5287,156796
5288,156797
5289,156798
5290,156799
5291,156941
5292,157072
5293,157073
5294,157074
5295,157075
5296,157076
5297,157077
5298,157078
5299,157079
5300,157080
5301,157081
5302,157082
5303,157083
5304,157084
5305,157085
5306,157086
5307,157087
5308,157088
5309,157089
5310,157090
5311,157091
5312,157092
5313,157093
5314,157094
5315,157095
5316,157096
5317,157097
5318,157098
5319,157099
5320,157100
5321,157101
5322,157102
5323,157103
5324,157104
5325,157105
5326,157106
5327,157107
5328,157108
5329,157109
5330,157110
5331,157111
5332,157112
5333,157113
5334,157114
5335,157115
5336,157116
5337,157117
5338,157118
5339,157119
5340,157120
5341,157121
5342,157122
5343,157123
5344,157124
5345,157125
5346,157126
5347,157127
5348,157128
5349,157129
5350,157130
5351,157131
5352,157132
5353,157133
5354,157134
5355,157135
5356,157136
5357,157137
5358,157138
5359,157139
5360,157140
5361,157141
5362,157142
5363,157143
5364,157144
5365,157145
5366,157146
5367,157147
5368,157148
5369,157149
5370,157150
5371,157151
5372,157152
5373,157153
5374,157154
5375,157155
5376,157156
5377,157157
5378,157158
5379,157159
5380,157160
5381,157161
5382,157162
5383,157163
5384,157164
5385,157165
5386,157166
5387,157167
5388,157168
5389,157169
5390,157170
5391,157171
5392,157172
5393,157173
5394,157174
5395,157175
5396,157176
5397,157177
5398,157178
5399,157179
5400,157180
5401,157181
5402,157182
5403,157183
5404,157184
5405,157185
5406,157186
5407,157187
5408,157188
5409,157189
5410,157190
5411,157191
5412,157192
5413,157193
5414,157194
5415,157195
5416,157196
5417,157197
5418,157198
5419,157199
5420,157480
5421,157481
5422,157482
5423,157483
5424,157484
5425,157485
5426,157486
5427,157487
5428,157488
5429,157489
5430,157490
5431,157491
5432,157492
5433,157493
5434,157494
5435,157495
5436,157496
5437,157497
5438,157498
5439,157499
5440,157500
5441,157501
5442,157502
5443,157503
5444,157504
5445,157505
5446,157506
5447,157507
5448,157508
5449,157509
5450,157510
5451,157511
5452,157512
5453,157513
5454,157514
5455,157515
5456,157516
5457,157517
5458,157518
5459,157519
5460,157520
5461,157521
5462,157522
5463,157523
5464,157524
5465,157525
5466,157526
5467,157527
5468,157528
5469,157529
5470,157530
5471,157531
5472,157532
5473,157533
5474,157534
5475,157535
5476,157536
5477,157537
5478,157538
5479,157539
5480,157540
5481,157541
5482,157542
5483,157543
5484,157544
5485,157545
5486,157546
5487,157547
5488,157548
5489,157549
5490,157550
5491,157551
5492,157552
5493,157553
5494,157554
5495,157555
5496,157556
5497,157557
5498,157558
5499,157559
5500,157560
5501,157561
5502,157562
5503,157563
5504,157564
5505,157565
5506,157566
5507,157567
5508,157568
5509,157569
5510,157570
5511,157571
5512,157572
5513,157573
5514,157574
5515,157575
5516,157576
5517,157577
5518,157578
5519,157579
5520,157580
5521,157581
5522,157582
5523,157583
5524,157584
5525,157585
5526,157586
5527,157587
5528,157588
5529,157589
5530,157590
5531,157591
5532,157592
5533,157593
5534,157594
5535,157595
5536,157596
5537,157597
5538,157598
5539,157599
5540,157897
5541,157898
5542,157899
5543,157900
5544,157901
5545,157902
5546,157903
5547,157904
5548,157905
5549,157906
5550,157907
5551,157908
5552,157909
5553,157910
5554,157911
5555,157912
5556,157913
5557,157914
5558,157915
5559,157916
5560,157917
5561,157918
5562,157919
5563,157920
5564,157921
5565,157922
5566,157923
5567,157924
5568,157925
5569,157926
5570,157927
5571,157928
5572,157929
5573,157930
5574,157931
5575,157932
5576,157933
5577,157934
5578,157935
5579,157936
5580,157937
5581,157938
5582,157939
5583,157940
5584,157941
5585,157942
5586,157943
5587,157944
5588,157945
5589,157946
5590,157947
5591,157948
5592,157949
5593,157950
5594,157951
5595,157952
5596,157953
5597,157954
5598,157955
5599,157956
5600,157957
5601,157958
5602,157959
5603,157960
5604,157961
5605,157962
5606,157963
5607,157964
5608,157965
5609,157966
5610,157967
5611,157968
5612,157969
5613,157970
5614,157971
5615,157972
5616,157973
5617,157974
5618,157975
5619,157976
5620,157977
5621,157978
5622,157979
5623,157980
5624,157981
5625,157982
5626,157983
5627,157984
5628,157985
5629,157986
5630,157987
5631,157988
5632,157989
5633,157990
5634,157991
5635,157992
5636,157993
5637,157994
5638,157995
5639,157996
5640,157997
5641,157998
5642,157999
5643,158271
5644,158272
5645,158273
5646,158274
5647,158275
5648,158276
5649,158277
5650,158278
5651,158279
5652,158280
5653,158281
5654,158282
5655,158283
5656,158284
5657,158285
5658,158286
5659,158287
5660,158288
5661,158289
5662,158290
5663,158291
5664,158292
5665,158293
5666,158294
5667,158295
5668,158296
5669,158297
5670,158298
5671,158299
5672,158300
5673,158301
5674,158302
5675,158303
5676,158304
5677,158305
5678,158306
5679,158307
5680,158308
5681,158309
5682,158310
5683,158311
5684,158312
5685,158313
5686,158314
5687,158315
5688,158316
5689,158317
5690,158318
5691,158319
5692,158320
5693,158321
5694,158322
5695,158323
5696,158324
5697,158325
5698,158326
5699,158327
5700,158328
5701,158329
5702,158330
5703,158331
5704,158332
5705,158333
5706,158334
5707,158335
5708,158336
5709,158337
5710,158338
5711,158339
5712,158340
5713,158341
5714,158342
5715,158343
5716,158344
5717,158345
5718,158346
5719,158347
5720,158348
5721,158349
5722,158350
5723,158351
5724,158352
5725,158353
5726,158354
5727,158355
5728,158356
5729,158357
5730,158358
5731,158359
5732,158360
5733,158361
5734,158362
5735,158363
5736,158364
5737,158365
5738,158366
5739,158367
5740,158368
5741,158369
5742,158370
5743,158371
5744,158372
5745,158373
5746,158374
5747,158375
5748,158376
5749,158377
5750,158378
5751,158379
5752,158380
5753,158381
5754,158382
5755,158383
5756,158384
5757,158385
5758,158386
5759,158387
5760,158388
5761,158389
5762,158390
5763,158391
5764,158392
5765,158393
5766,158394
5767,158395
5768,158396
5769,158397
5770,158398
5771,158399
5772,158663
5773,158664
5774,158665
5775,158666
5776,158667
5777,158668
5778,158669
5779,158670
5780,158671
5781,158672
5782,158673
5783,158674
5784,158675
5785,158676
5786,158677
5787,158678
5788,158679
5789,158680
5790,158681
5791,158682
5792,158683
5793,158684
5794,158685
5795,158686
5796,158687
5797,158688
5798,158689
5799,158690
5800,158691
5801,158692
5802,158693
5803,158694
5804,158695
5805,158696
5806,158697
5807,158698
5808,158699
5809,158700
5810,158701
5811,158702
5812,158703
5813,158704
5814,158705
5815,158706
5816,158707
5817,158708
5818,158709
5819,158710
5820,158711
5821,158712
5822,158713
5823,158714
5824,158715
5825,158716
5826,158717
5827,158718
5828,158719
5829,158720
5830,158721
5831,158722
5832,158723
5833,158724
5834,158725
5835,158726
5836,158727
5837,158728
5838,158729
5839,158730
5840,158731
5841,158732
5842,158733
5843,158734
5844,158735
5845,158736
5846,158737
5847,158738
5848,158739
5849,158740
5850,158741
5851,158742
5852,158743
5853,158744
5854,158745
5855,158746
5856,158747
5857,158748
5858,158749
5859,158750
5860,158751
5861,158752
5862,158753
5863,158754
5864,158755
5865,158756
5866,158757
5867,158758
5868,158759
5869,158760
5870,158761
5871,158762
5872,158763
5873,158764
5874,158765
5875,158766
5876,158767
5877,158768
5878,158769
5879,158770
5880,158771
5881,158772
5882,158773
5883,158774
5884,158775
5885,158776
5886,158777
5887,158778
5888,158779
5889,158780
5890,158781
5891,158782
5892,158783
5893,158784
5894,158785
5895,158786
5896,158787
5897,158788
5898,158789
5899,158790
5900,158791
5901,158792
5902,158793
5903,158794
5904,158795
5905,158796
5906,158797
5907,158798
5908,158799
5909,159060
5910,159061
5911,159062
5912,159063
5913,159064
5914,159065
5915,159066
5916,159067
5917,159068
5918,159069
5919,159070
5920,159071
5921,159072
5922,159073
5923,159074
5924,159075
5925,159076
5926,159077
5927,159078
5928,159079
5929,159080
5930,159081
5931,159082
5932,159083
5933,159084
5934,159085
5935,159086
5936,159087
5937,159088
5938,159089
5939,159090
5940,159091
5941,159092
5942,159093
5943,159094
5944,159095
5945,159096
5946,159097
5947,159098
5948,159099
5949,159100
5950,159101
5951,159102
5952,159103
5953,159104
5954,159105
5955,159106
5956,159107
5957,159108
5958,159109
5959,159110
5960,159111
5961,159112
5962,159113
5963,159114
5964,159115
5965,159116
5966,159117
5967,159118
5968,159119
5969,159120
5970,159121
5971,159122
5972,159123
5973,159124
5974,159125
5975,159126
5976,159127
5977,159128
5978,159129
5979,159130
5980,159131
5981,159132
5982,159133
5983,159134
5984,159135
5985,159136
5986,159137
5987,159138
5988,159139
5989,159140
5990,159141
5991,159142
5992,159143
5993,159144
5994,159145
5995,159146
5996,159147
5997,159148
5998,159149
5999,159150
6000,159151
6001,159152
6002,159153
6003,159154
6004,159155
6005,159156
6006,159157
6007,159158
6008,159159
6009,159160
6010,159161
6011,159162
6012,159163
6013,159164
6014,159165
6015,159166
6016,159167
6017,159168
6018,159169
6019,159170
6020,159171
6021,159172
6022,159173
6023,159174
6024,159175
6025,159176
6026,159177
6027,159178
6028,159179
6029,159180
6030,159181
6031,159182
6032,159183
6033,159184
6034,159185
6035,159186
6036,159187
6037,159188
6038,159189
6039,159190
6040,159191
6041,159192
6042,159193
6043,159194
6044,159195
6045,159196
6046,159197
6047,159198
6048,159199
6049,159461
6050,159462
6051,159463
6052,159464
6053,159465
6054,159466
6055,159467
6056,159468
6057,159469
6058,159470
6059,159471
6060,159472
6061,159473
6062,159474
6063,159475
6064,159476
6065,159477
6066,159478
6067,159479
6068,159480
6069,159481
6070,159482
6071,159483
6072,159484
6073,159485
6074,159486
6075,159487
6076,159488
6077,159489
6078,159490
6079,159491
6080,159492
6081,159493
6082,159494
6083,159495
6084,159496
6085,159497
6086,159498
6087,159499
6088,159500
6089,159501
6090,159502
6091,159503
6092,159504
6093,159505
6094,159506
6095,159507
6096,159508
6097,159509
6098,159510
6099,159511
6100,159512
6101,159513
6102,159514
6103,159515
6104,159516
6105,159517
6106,159518
6107,159519
6108,159520
6109,159521
6110,159522
6111,159523
6112,159524
6113,159525
6114,159526
6115,159527
6116,159528
6117,159529
6118,159530
6119,159531
6120,159532
6121,159533
6122,159534
6123,159535
6124,159536
6125,159537
6126,159538
6127,159539
6128,159540
6129,159541
6130,159542
6131,159543
6132,159544
6133,159545
6134,159546
6135,159547
6136,159548
6137,159549
6138,159550
6139,159551
6140,159552
6141,159553
6142,159554
6143,159555
6144,159556
6145,159557
6146,159558
6147,159559
6148,159560
6149,159561
6150,159562
6151,159563
6152,159564
6153,159565
6154,159566
6155,159567
6156,159568
6157,159569
6158,159570
6159,159571
6160,159572
6161,159573
6162,159574
6163,159575
6164,159576
6165,159577
6166,159578
6167,159579
6168,159580
6169,159581
6170,159582
6171,159583
6172,159584
6173,159585
6174,159586
6175,159587
6176,159588
6177,159589
6178,159590
6179,159591
6180,159592
6181,159593
6182,159594
6183,159595
6184,159596
6185,159597
6186,159598
6187,159599
6188,159840
6189,159841
6190,159842
6191,159843
6192,159844
6193,159845
6194,159846
6195,159847
6196,159848
6197,159849
6198,159850
6199,159851
6200,159852
6201,159853
6202,159854
6203,159855
6204,159856
6205,159857
6206,159858
6207,159859
6208,159860
6209,159861
6210,159862
6211,159863
6212,159864
6213,159865
6214,159866
6215,159867
6216,159868
6217,159869
6218,159870
6219,159871
6220,159872
6221,159873
6222,159874
6223,159875
6224,159876
6225,159877
6226,159878
6227,159879
6228,159880
6229,159881
6230,159882
6231,159883
6232,159884
6233,159885
6234,159886
6235,159887
6236,159888
6237,159889
6238,159890
6239,159891
6240,159892
6241,159893
6242,159894
6243,159895
6244,159896
6245,159897
6246,159898
6247,159899
6248,159900
6249,159901
6250,159902
6251,159903
6252,159904
6253,159905
6254,159906
6255,159907
6256,159908
6257,159909
6258,159910
6259,159911
6260,159912
6261,159913
6262,159914
6263,159915
6264,159916
6265,159917
6266,159918
6267,159919
6268,159920
6269,159921
6270,159922
6271,159923
6272,159924
6273,159925
6274,159926
6275,159927
6276,159928
6277,159929
6278,159930
6279,159931
6280,159932
6281,159933
6282,159934
6283,159935
6284,159936
6285,159937
6286,159938
6287,159939
6288,159940
6289,159941
6290,159942
6291,159943
6292,159944
6293,159945
6294,159946
6295,159947
6296,159948
6297,159949
6298,159950
6299,159951
6300,159952
6301,159953
6302,159954
6303,159955
6304,159956
6305,159957
6306,159958
6307,159959
6308,159960
6309,159961
6310,159962
6311,159963
6312,159964
6313,159965
6314,159966
6315,159967
6316,159968
6317,159969
6318,159970
6319,159971
6320,159972
6321,159973
6322,159974
6323,159975
6324,159976
6325,159977
6326,159978
6327,159979
6328,159980
6329,159981
6330,159982
6331,159983
6332,159984
6333,159985
6334,159986
6335,159987
6336,159988
6337,159989
6338,159990
6339,159991
6340,159992
6341,159993
6342,159994
6343,159995
6344,159996
6345,159997
6346,159998
6347,159999
